sell	obvious	گوشی آیفون ۱۳ فروشی، ۱۲۸ گیگ، سالم، ۳۵ میلیون، پیام بدید
sell	obvious	میفروشم پلی استیشن ۵ با دو دسته و ۵ تا بازی، ۲۸ تومن
sell	obvious	لپ تاپ ایسوس i7 فروشی در حد نو، ۴۰ میلیون، تماس بگیرید
sell	obvious	فروش ویژه مانتو بهاره، قیمت ها از ۳۵۰ تومن، سفارش تو دایرکت
sell	obvious	اکانت کلش لول ۲۰۰ فروشی، تاون ۱۵، قیمت توافقی
sell	obvious	یوسی پابجی با بهترین قیمت، تحویل آنی، پرداخت کارت به کارت
sell	obvious	تتر میخرم و میفروشم، نرخ لحظه ای، معامله حضوری هم دارم
sell	obvious	آپارتمان ۸۵ متری فروشی، دو خواب، سند تک برگ، متری ۹۰ تومن
sell	obvious	خریدارم گوشی سامسونگ تا ۱۵ میلیون، نقدی، فوری
sell	obvious	کفش نایک اورجینال سایز ۴۳ فروشی، یک بار پوشیده شده، ۲ تومن
sell	obvious	عسل طبیعی سبلان کیلویی ۳۸۰ تومن، ارسال به سراسر کشور
sell	obvious	بلیط کنسرت شب جمعه ردیف ۵ فروشی، ۲ تا، زیر قیمت
sell	obvious	طلا و سکه خریداریم به بالاترین قیمت، نقدی
sell	obvious	تدریس خصوصی ریاضی کنکور، جلسه ای ۳۰۰ تومن، جلسه اول رایگان
sell	obvious	کیک تولد سفارشی قبول میکنم، طرح دلخواه، از ۴۰۰ تومن
sell	obvious	اشتراک فیلترشکن پرسرعت ماهی ۵۰ تومن، تست رایگان، پیام بدید
sell	obvious	موتور هوندا ۱۲۵ مدل ۹۸ فروشی، مدارک کامل، ۴۵ میلیون
sell	obvious	کارت هدیه ۵۰۰ تومنی دیجی کالا رو ۴۶۰ میدم
sell	obvious	فالوور واقعی اینستا هزارتا ۴۰ تومن، تحویل ۲۴ ساعته، سفارش تو پیوی
sell	obvious	اجاره سوئیت مبله روزانه در مشهد، نزدیک حرم، شبی ۸۰۰
sell	obvious	مبل هفت نفره فروشی سالم، ۱۲ تومن، خریدار پیام بده
sell	obvious	عرضه مستقیم برنج طارم شمال، کیسه ۱۰ کیلویی ۱ میلیون و ۲۰۰
sell	obvious	نیترو دیسکورد یکساله ۹۰۰ تومن، پرداخت با کارت یا تتر
sell	obvious	خدمات کاشت ناخن و ژلیش با مواد اورجینال، وقت خالی این هفته، دایرکت بدید
sell	obvious	ماشین پراید ۱۳۱ مدل ۹۶ فروشی، بی رنگ، ۱۸۰ میلیون، مقطوع
sell	obvious	هدفون سونی wh1000xm4 فروشی، پلمپ، ۹ تومن
sell	obvious	جم فری فایر ۱۰۰ تایی ۵۰ تومن، تحویل تو بازی، پیام بدید
sell	obvious	طراحی لوگو و بنر انجام میدم، قیمت از ۲۰۰ تومن، نمونه کار دارم
sell	obvious	سیم کارت رند ۰۹۱۲ فروشی، ۱۲ میلیون، سند به نام
sell	obvious	دوچرخه کوهستان جاینت فروشی، سایز ۲۷، ۸ تومن، تهران
sell	terse	ماشین صفر فروشی
sell	terse	یخچال فروشی سالم
sell	terse	گوشی A52 میفروشم
sell	terse	طلا خریدارم
sell	terse	فروشی: میز تحریر نو
sell	terse	میو پوینت میفروشم ارزون
sell	terse	اکانت پابجی فروشی
sell	terse	خونه فروشی سند دار
sell	terse	کولر گازی فروشی
sell	terse	سکه سلف میفروشم
sell	terse	تبلت فروشیه، ۴ تومن
sell	terse	کتاب کنکور خریدارم
sell	terse	ps4 for sale
sell	terse	کارت گرافیک ۳۰۶۰ فروشی
sell	terse	موتورمیفروشم داداش پیامبده
hard	terse	موجودی
hard	terse	قیمت؟
hard	terse	چند؟
hard	terse	فروشی؟
hard	terse	هست هنوز؟
hard	terse	تخفیف نداره؟
hard	terse	خریدم
hard	terse	فروختمش
hard	terse	میفروشم؟ نه بابا
hard	terse	اکانت
hard	terse	ارسال داری؟
hard	terse	فروشی نیست
sell	slang	داداش گوشیم اضافیه هرکی خواست بیاد پیوی، خوشقیمت میدم
sell	slang	یه ps4 دارم خاک میخوره، مفت میدمش بره، ۶ تومن
sell	slang	بچه ها اکانتمو رد میکنم، لول بالا، هرکی خواست بگه
sell	slang	تتر دارم چند تا، کسی بخواد رد کنم بهش نرخ خوب
sell	slang	کفشمو میدم بره، سایز ۴۲، ۵۰۰ تومن، تازه خریدمش اندازم نبود
sell	slang	یه دونه لپ تاپ رو دستم مونده، قیمت خوبم میدم بیاید پی وی
sell	slang	کی گوشی میخواد؟ آیفون ۱۱ دارم میدم ۱۸ تومن، جدی ها فقط
sell	slang	ماشینمو گذاشتم واسه فروش، ۲۰۶ مدل ۹۰، هرکی خواست خبرم کنه
sell	slang	یوسی میزنم ارزون تر از همه، بیا پی وی داداش
sell	slang	بیا با هم طاق بزنیم، اکانت کلشم رو میدم با اکانت پابجی خوب
sell	slang	سکه هامو رد میکنم ۱۰۰ تا ۲۰ تومن کی میخواد
sell	slang	خونه بابام تو کرج رو گذاشتیم فروش، کسی خریدار سراغ داره بگه
sell	slang	هرکی جم بخواد من دارم، رو نرخ بازار نمیگیرم، بیاد خصوصی
sell	slang	مانتو دست دوز میزنم خانوما، قیمتش هم مفته، عکساشو تو پیوی میدم
sell	slang	دسته xbox رو دستم مونده، ۸۰۰ بدید مال شما
sell	slang	کسی موتور میخواد؟ موتورم رو میخوام بدم بره، ۳۰ تومن
sell	slang	بیاید تو پیوی نرخ تتر امروزو بگم، دارم میدم رو نرخ صرافی منهای ۵۰۰
sell	slang	بابا خودم میفروشم دیگه، بیا پیوی نرخو بگم
sell	slang	بلیط اضافه دارم واسه بازی جمعه، دو تا، هرکی خواست پیام بده به قیمت خودش
sell	slang	کانفیگ v2ray دارم پرسرعت، ماهی ۴۰، تست رایگون میدم
sell	typo	گوشی فورشی سالم، ۱۰ میلیون
sell	typo	خربدارم گوشی نقدی
sell	typo	میفورشم اکانت کلش ارزون
sell	typo	پراید فورشی مدل ۹۶
sell	typo	خریدرام طلا و سکه
sell	typo	تتر میفرشم نرخ خوب بیا پیوی
sell	typo	ماشین فروشی قمیت توافقی، تماس بگیرید
sell	typo	لبتاب فروشی در حد نو ۲۰ تومن
sell	typo	اکانت پابچی میفروشم لول بالا
sell	typo	خیدارم آیفون تا ۲۰ ملیون نقد
sell	typo	یخچال فروشئ سالم پیام بدید
sell	typo	کیف چرم دستدوز میفروشم، قیمت مناسب
sell	typo	کولرگازی فروشیه، ۱۵ تومان، ارصال داریم
sell	typo	فروشئ گوشی سامسونگ a52
sell	typo	میخارم گوشی دست دوم تا ۵ تومن
hard	typo	دیروز گوشی خربدم خیلی خوبه
hard	typo	قمیت دلار امروز چنده کسی میدونه
hard	typo	ماشینمو فروختم راحت شدم دیگه
hard	typo	این کانالای فورش اکانت همش کلاهبرداریه
hard	typo	میگفت لبتابشو فروخته
hard	typo	خونه بخرم یا ماشین به نظرتون؟ گیج شدم
hard	typo	بازار موبایل افتضاح شده قیمتا نجومیه
hard	typo	پول جمع میکنم یه دوچرحه بخرم
sell	evasion	م.یو خربدارم نقدی
sell	evasion	فـروشی ماشین صفر، پیام بدید
sell	evasion	ف ر و ش ی گوشی سالم ۵ تومن
sell	evasion	می..فروشم تتر زیر نرخ
sell	evasion	اکانت ف.ر.و.ش.ی لول ۲۰۰
sell	evasion	یوسی می-فروشم ارزون بیا پیوی
sell	evasion	خ.ر.ی.د.ا.ر.م گوشی نقدی
sell	evasion	فرووووشی پلی استیشن ۴ با دسته
sell	evasion	می_فروشم موتور ۱۲۵ مدارک کامل
sell	evasion	طاق*میزنم سکه با میو پوینت
sell	evasion	مـیفروشم لپ تاپ ۲۰ تومن
sell	evasion	فروشي ماشين پرايد مدل ۹۵ نقدي
sell	finglish	goshi iphone 11 forooshi, 18 milion, payam bedid
sell	finglish	seke miforosham tahvil ani, nerkh khoob
sell	finglish	kharidaram laptop ta 20 milion naghdi
sell	finglish	account clash forooshi level 200, gheymat tavafoghi
sell	finglish	tether mikharam o miforosham, nerkh lahzeyi, bia pv
sell	finglish	mashin pride 96 forooshi bi rang, 180 milion
sell	finglish	yoosi pubg arzoon mizanam, kart be kart, dm bede
sell	finglish	tadris riazi konkoor, jalase 300, jalase aval rayegan
sell	finglish	ejare suite mobleh roozane mashhad, shabi 800
sell	finglish	follower insta vaghei hezar ta 40 toman, sefaresh to pv
sell	finglish	kafsh nike original size 43 miforosham 2 toman
sell	finglish	config v2ray porsorat mahi 40, test rayegan
sell	finglish	har ki gem bekhad man daram, arzoon tar az bazar, bia khosoosi
sell	finglish	tala o seke kharidarim be balatarin gheymat naghdi
sell	finglish	bilit concert shabe jome forooshi 2 ta zire gheymat
hard	finglish	dirooz goshimo forookhtam rahat shodam
hard	finglish	gheymate dollar alan chande? kasi midoone?
hard	finglish	kharid raftim ba maman kolli kharj kardim
hard	finglish	mifrosham? na baba shookhi kardam
hard	finglish	oon yaroo ke seke miforookht scammer bood, block konid
hard	finglish	bazar mobile kheyli kasade migan
hard	finglish	agar pool dashtam ye iphone mikharidam vali nadaram :))
hard	finglish	dadasham mashinesho forookht, delam gereft
hard	finglish	kasi midoone koja goshi arzoon peyda mishe?
hard	finglish	ghanoon group: kharid o foroosh mamnoo
hard	finglish	forooshgah ha hame baste boodan emrooz
hard	finglish	khodamo miforosham be ye pizza :))
sell	mixed	iPhone 13 pro فروشی، ۲۵۶ گیگ، battery health 92، پیام بدید
sell	mixed	اکانت steam با ۴۰ تا game میفروشم، ۳ تومن
sell	mixed	usdt میخرم رو نرخ بازار، معامله حضوری تهران
sell	mixed	for sale: پراید ۹۵، سالم، dm me
sell	mixed	نیترو discord یکساله ۹۰۰ تومن، پرداخت crypto هم اوکیه
sell	mixed	خدمات web design ارزون و سریع، portfolio دارم، پیام بدید
sell	mixed	selling اکانت پابجی conqueror، قیمت توافقی
sell	mixed	gift card apple ۱۰ دلاری ۶۵۰ تومن، تحویل آنی
sell	mixed	مانیتور ۲۴ اینچ LG فروشی، 75hz، ۴ تومن
sell	mixed	vpn config ماهی ۵۰، unlimited، تست رایگان
sell	mixed	ps5 disc edition میفروشم با extra controller، ۳۰ تومن
sell	mixed	laptop asus tuf فروشی rtx 3050، ۴۵ تومن
hard	mixed	دیروز از amazon یه هدفون خریدم عالیه
hard	mixed	قیمت iphone 15 تو ایران چند شده؟ کسی خبر داره
hard	mixed	my brother sold his car بالاخره، دلم گرفت
hard	mixed	این کانالای فروش account همش scam هستن مواظب باشید
hard	mixed	اگه پول داشتم یه macbook میخریدم ولی فعلا نه
hard	mixed	bitcoin باز ریخت، بازار قرمزه
hard	mixed	rule: هرگونه خرید و فروش تو گروه ممنوعه
hard	mixed	کسی می دونه کجا laptop ارزون پیدا میشه؟
sell	indirect	دوچرخه پسرم دو ساله تو انباری خاک میخوره، یه پولی بدید مال خودتون
sell	indirect	گوشیم دنبال صاحب جدیدشه، خودم دیگه استفاده نمیکنم، پیام بدید
sell	indirect	سیم کارت رند دارم، مفت نمیدم ولی باهاتون کنار میام
sell	indirect	آیفون ۱۱ رو با یه گوشی سبک تر بعلاوه مابه تفاوت عوض میکنم
sell	indirect	هر کی مایله جای من تو کلاس زبان ثبت نام شه، نصف پولشو بده کافیه
sell	indirect	مانیتور ۲۴ اینچ دارم، هدیه نمیدم ولی هدیه مانند حساب میکنم، بیا صحبت کنیم
sell	indirect	یه گله بز دارم جا ندارم، هرکه خواس بیایه سیل کنه، قیمتشم کنار میایم
sell	indirect	پراید ۹۰ سالم بی رنگ، مقطوع نیست، بیاید پای صحبتش
sell	indirect	کد تخفیف تپسی دارم چند تا، دونه ای ده تومن
sell	indirect	امتیاز وام رسالت واگذار میشه، هرکی خواست پیام بده
sell	indirect	وقت سفارت دارم واسه ماه دیگه، نمیتونم برم، واگذار میکنم
sell	indirect	هر رنگ که بخوای موجوده، لیست میدم بهت، بیا پیوی
sell	indirect	داداشم داره ماشینشو میفروشه، ۲۰۶ مدل ۹۵، هرکی خواست بگه وصلش کنم
sell	indirect	دو تا بلیط کنسرت رو دستم مونده، به قیمت خودش میدم برا بچه های گروه
sell	indirect	اکانتم رو دیگه نمیخوام، لول ۲۰۰، کسی بخواد به قیمت خوب وا میذارم
sell	indirect	کتابای کنکور سال قبلم مونده، نصف قیمت پشت جلد، سالمن
sell	indirect	میز و صندلی اداری داریم چند دست، مغازه رو جمع کردیم، ارزون رد میکنیم
sell	indirect	یه دست مبل تمیز داریم، جابجا میشیم، جا نمیشه، هرکی خواست بیاد ببره با یه پول کم
sell	indirect	ساعت اپل سری ۷ که کادو گرفتم استفاده نکردم، پلمپه، ۱۵ تومن بدید مال شما
sell	indirect	جزوه کامل آزمون نظام مهندسی آماده ارسال، دستنویس خودم، پیام بدید
sell	contact	۲۰۶ مدل ۹۵، ۳۲۰ میلیون، @ali_car
sell	contact	آیفون ۱۲ / ۲۲ تومن / 09121234567
sell	contact	اکانت کلش تاون ۱۴ فقط ۲ تومن، @clash_shop
sell	contact	تتر نرخ امروز ۵۸۵۰۰، پیوی @tether_ir
sell	contact	کاشت ناخن ۴۵۰، ژلیش ۲۵۰، نوبت: @nail_home
sell	contact	لپ تاپ لنوو i5 ۱۸ میلیون تماس 09351234567
sell	contact	عسل کیلویی ۳۵۰، سفارش @asal_tabiei
sell	contact	واریز فقط به ۶۰۳۷۹۹۱۸۱۲۳۴۵۶۷۰ به نام محمدی، بعدش رسید بفرستید
sell	contact	کارت به کارت 6104-3378-1234-5674 بانک ملت به نام رضایی، بعد از واریز پیام بدید
sell	contact	قیمت ۴ تومن، ارسال رایگان، سفارش تو دایرکت: @shop_lux
sell	contact	پکیج آموزش زبان ۳۰۰ تومن t.me/zaban_pack
sell	contact	یوسی ۶۰ تایی ۹۰ تومن، @uc_center
hard	contact	آیدی جدیدم @ali_new سیو کنید
hard	contact	شماره ام عوض شد 09121234567 ذخیره کنید
hard	contact	بیا پیوی کارت دارم
hard	contact	هرکی جزوه میخواد بیاد خصوصی بفرستم
hard	contact	لینک گروه جدید t.me/ourgroup بیاید
hard	contact	کانالمو دنبال کنید @my_channel عکسامو میذارم
hard	contact	شماره کارتتو بفرست پولتو برگردونم
hard	contact	بچه ها آیدی ادمین @admin_here، سوال داشتید بپرسید
sell	wanted	خریدارم گوشی سامسونگ تا ۱۰ میلیون، نقدی، پیام بدید
sell	wanted	نقدی میخرم آیفون ۱۱ به بالا، پول آماده ست
sell	wanted	دنبال پراید نقدی ام، دارید خبر بدید، امروز فردا میخرم
sell	wanted	کتاب های کنکورتون رو میخرم، نصف قیمت پشت جلد
sell	wanted	اکانت کلش تاون ۱۳ به بالا خریدارم، قیمت خوب میدم
sell	wanted	هرکی اپل واچ سری ۷ به بالا داره خبرم کنه، نقدی میخرم
sell	wanted	سهام عدالت خریداریم، پرداخت آنی
sell	wanted	ضایعات آهن و مس خریداریم درب منزل
sell	wanted	تتر میخرم بالاتر از نرخ صرافی، هر مقدار
sell	wanted	گوشی خراب و شکسته خریدارم، هر مدلی
sell	wanted	seke kharidaram naghdi fori
sell	wanted	خریدار جدی ماشین زیر ۳۰۰ تومن هستم، سریع تسویه میکنم
sell	wanted	خونه رهن کامل میخوام تا ۵۰۰ تومن، غرب تهران، مالک پیام بده
sell	wanted	کارت گرافیک ۳۰۶۰ خریدارم، سالم باشه پولش آماده ست
sell	wanted	یوسی خریدارم، هر تعداد، پرداخت فوری
hard	inquiry	کسی گوشی دست دوم میفروشه؟
hard	inquiry	کجا میتونم یوسی ارزون بخرم؟
hard	inquiry	قیمت آیفون ۱۳ الان چند شده؟
hard	inquiry	کسی میدونه کارت گرافیک از کجا بخرم که تقلبی نباشه؟
hard	inquiry	این هدفونا خوبن؟ بخرم یا نه؟
hard	inquiry	اجاره خونه تو کرج الان چند در میاد؟
hard	inquiry	کدوم لپ تاپ بخرم واسه برنامه نویسی؟ بودجه ۳۰ تومن
hard	inquiry	بچه ها بلیط کنسرت از کجا میگیرید؟
hard	inquiry	کسی فروشگاه معتبر واسه گوشی سراغ داره؟
hard	inquiry	چند میدی این گوشی رو؟ فقط برا اطلاع میپرسم
hard	inquiry	تتر رو از کجا میخرید که کلاه سرتون نره؟
hard	inquiry	نرخ دلار امروز چنده؟
hard	inquiry	قیمت کاشت ناخن این روزا چقدره؟
hard	inquiry	اکانت پرمیوم تلگرام چطور بخرم؟ از داخل ایران میشه؟
hard	inquiry	ماشین دست دوم بخرم یا صفر قسطی؟ نظرتون چیه
hard	inquiry	کسی جزوه ریاضی جلسه ۳ رو داره بفرسته؟
hard	inquiry	سکه امروز چند شد؟ خبر دارید؟
hard	inquiry	بهترین جا واسه خرید مبل کجاست؟
hard	inquiry	میشه بدونم این مدل گوشی ارزش خرید داره یا نه؟
hard	inquiry	کسی می دونه سایت دیوار چرا باز نمیشه؟
hard	inquiry	میخوام موتور بخرم، چه مدلی خوبه واسه شهر؟
hard	inquiry	یه سوال، کارت به کارت از این بانک به اون بانک کارمزد داره؟
hard	inquiry	قیمت ps5 اومده پایین یا هنوز همونه؟
hard	inquiry	کسی تجربه خرید از ترب داره؟
hard	inquiry	کجا میشه ارزون تر بلیط هواپیما خرید؟
hard	quoted	بچه ها این پیامو ببینید: «گوشی میفروشم زیر قیمت، فقط پیوی» — گزارشش کنید، کلاهبرداره
hard	quoted	یارو تو پیوی نوشته «تتر میفروشم نرخ عالی» بلاکش کردم، شمام مواظب باشید
hard	quoted	اسکرینشات: "اکانت کلش فروشی ۲ تومن" — این همون کلاهبرداره اس که هفته پیش گفتم
hard	quoted	تو گروه بغلی زده «یوسی ارزون تحویل آنی»، پول رفیقمو خورد، از این کانال نخرید
hard	quoted	این پیام «فالوور میفروشم هزارتا ۳۰ تومن» رو هرکی براتون فرستاد گزارش بدید
hard	quoted	طرف اومده میگه «ماشین فروشی ۱۰۰ تومن پراید صفر» خب معلومه اسکمه
hard	quoted	مدرک دارم که نوشته بود «واریز به کارت ۶۰۳۷۹۹۱۸۱۲۳۴۵۶۷۰» و بعد بلاک کرد
hard	quoted	ببینید چی فرستاده: «سکه سلف میفروشم ارزون» بعد میگه اول پول بده، گولشو نخورید
hard	quoted	ادمین این پیام «آیفون ۱۳ فقط ۱۰ میلیون پیام بدید» رو پاک کن، تبلیغ کلاهبرداریه
hard	quoted	پیامش این بود: "لپ تاپ گیمینگ زیر قیمت میفروشم" و آیدیشم فیک بود
hard	quoted	این آگهی «خونه فروشی متری ۲۰ تومن تهران» رو تو دیوار دیدم، ۱۰۰٪ کلاهبرداریه
hard	quoted	بچه ها نوشته «تدریس خصوصی جلسه ای ۵۰ تومن» بعد کلاس اول پولو گرفت غیبش زد
hard	quoted	کپی پیامش: «نیترو ۳۰۰ تومن تحویل فوری» — بعد از واریز جواب نداد
hard	quoted	همون که میگفت «گیفت کارت ارزون دارم» رو دیشب از گروه انداختن بیرون
hard	quoted	مثال آگهی کلاهبرداری: «یوسی ۶۰ تایی ۲۰ تومن، فقط امروز» — هر وقت خیلی ارزون بود شک کنید
hard	quoted	این عکس آگهی «موتور فروشی ۲۰ میلیون» مال یه پیج تقلبیه، اطلاع رسانی کنید
hard	quoted	چی نوشته این؟ «اکانت پرمیوم رایگان فقط شماره کارت بدید» 😂 چقدر تابلو
hard	quoted	قبلا هم گفتم، پیام «ارز دیجیتال با سود تضمینی» یعنی کلاهبرداری، رد کنید
hard	quoted	ساعت ۳ صبح یکی نوشته «تتر میخرم بالاتر از بازار» و همه رو پیوی زده، بنش کنید
hard	quoted	جالبه که هنوز مردم به «کارت به کارت کن ارسال میکنم» اعتماد میکنن
hard	reported	طرف اومده پیوی میگه میفروشم ارزون، بلاکش کردم
hard	reported	میگفت گوشیشو فروخته به یه قیمت خوب
hard	reported	داداشم گفت ماشینشو میفروشه ولی من مخالفم
hard	reported	تو کانال زده بود اکانت فروشی ولی معلوم بود فیکه
hard	reported	یکی بهم پیام داده تتر میخرم، به نظرتون واقعیه؟
hard	reported	مامانم میگه خونه رو بفروشیم بریم شهرستان
hard	reported	همسایمون میگفت مغازشو گذاشته فروش، بازار خرابه
hard	reported	شنیدم یکی از بچه ها یوسی میفروشه، اگه ادمین ببینه بن میشه ها
hard	reported	به من گفتن این گروه واسه خرید و فروشه، ولی انگار نیست
hard	reported	دوستم زنگ زد گفت ماشینشو خریدار پیدا شده
hard	reported	راننده اسنپ میگفت ماشینشو میخواد بفروشه، از این وضع خسته شده
hard	reported	معلممون میگفت زمان ما کتاب کنکور نصف قیمت میخریدیم
hard	reported	خبرنگاره میگفت مردم دارن طلاشونو میفروشن واسه اجاره
hard	reported	میگن بغل دستیم تو شرکت اکانتشو فروخته و رفته
hard	reported	بابام میگه قدیما ماشین رو نقدی میخریدن نه قسطی
hard	joke	خودمو میفروشم به یه پیتزا 😂
hard	joke	کی دلشو به تو فروخته که اینقد مغروری؟ 😏
hard	joke	آخرتتو به دو تا لایک نفروش داداچ
hard	joke	حوصلم طاق شده از این وضع
hard	joke	دیگه صبرم داره طاق میشه ها
hard	joke	عکس پروفایلم مگه فروشیه که هی میاین قیمت میپرسین 😂
hard	joke	مفت باشه کوفت باشه، شعار رسمی خاندان ما
hard	joke	من که خودمو به هیچ قیمتی نمیفروشم، مگه اینکه چایی باشه
hard	joke	کلیه مو میفروشم واسه آیفون ۱۵ :)) شوخی کردم بابا
hard	joke	بهشت را به بها دهند نه به بهانه
hard	joke	یوسفو به بهای اندک فروختن، حکایت رفاقتای الانه دقیقا
hard	joke	طرف ما رو فروخت رفت با بقیه، رفیق نیمه راه
hard	joke	با این قیمتا فقط میشه ویترین گردی کرد، خرید پیشکش
hard	joke	من سکه هامو تو بازی باختم، ورشکست شدم 😂
hard	joke	حاضرم کل زندگیمو بدم واسه یه روز تعطیل بدون کار
hard	joke	تو دلمو خریدی، دیگه چی میخوای بخری؟ 😍
hard	joke	چقدر گرونی، دیگه سلام کردنم هزینه داره
hard	joke	کی میخره منو؟ خسته ام از این زندگی 😂
hard	joke	نصف کمدمو میفروشم بازم جا نداره، لعنت به شوپینگ 😂
hard	joke	اون که ما رو به یه لایک فروخت، قیمتمون همین بود دیگه
hard	price	قیمت دلار باز رفت بالا، کجا میریم آخه
hard	price	گوشیمو دو سال پیش هشت خریدم، الان کارکرده ش پونزده میلیونه
hard	price	اجاره ها نجومی شده، یه اتاق ۱۰ تومن رهن میخواد
hard	price	بازار موبایل خیلی کساده میگن، فروشنده ها مینالن
hard	price	بورس کلا قمارخونه شده، دور بمونید
hard	price	رفتم بازار سر بزنم همه چی نجومی شده
hard	price	با این حقوق مگه میشه چیزی خرید؟
hard	price	قیمت ps5 هنوز نیومده پایین، صبر کنید
hard	price	سکه رسید به ۴۰ میلیون، باورتون میشه؟
hard	price	تورم نذاشت یه دوچرخه ساده واسه بچم بخرم، هر ماه گرون تر میشه
hard	price	قیمت تتر امروز ۵۸ تومن بود، دیروز ۵۷، داره میره بالا
hard	price	کاش زودتر بیت کوین خریده بودم
hard	price	اول قیمت ها رو مقایسه کن بعد تصمیم بگیر
hard	price	قبض برق این ماه ۸۰۰ تومن اومده، دیوونه شدم
hard	price	میوه فروش محلمون دم غروب ارزون میده، همیشه اون موقع میرم
hard	price	شیر خشک نایاب شده، داروخونه ها خالین
hard	price	حقوقم واریز شد ولی تا اومدم بجنبم تموم شد
hard	price	کارمزد کارت به کارت رو باز بردن بالا
hard	price	خونه تو تهران متری ۱۰۰ تومنم پیدا نمیشه دیگه
hard	price	قیمت طلا این هفته ۵ درصد ریخت
hard	news	خبر: قیمت خودروهای داخلی از هفته آینده ۱۰ درصد افزایش می یابد
hard	news	بانک مرکزی اعلام کرد فروش ارز به مسافران محدود می شود
hard	news	گزارش: ۲۰ درصد خانوارها طلای خود را برای تامین اجاره فروخته اند
hard	news	مجلس طرح مالیات بر خرید و فروش سکه را تصویب کرد
hard	news	ایران خودرو پیش فروش محصولات جدید را متوقف کرد
hard	news	طبق آمار، معاملات مسکن در تهران ۴۰ درصد کاهش داشته
hard	news	وزارت صمت: فروش اجباری کالا در فروشگاه ها تخلف است
hard	news	بورس امروز سبز شد، شاخص ۲ درصد رشد کرد
hard	news	پلیس فتا: کلاهبرداری با فروش اکانت های بازی افزایش یافته
hard	news	دیجی کالا از حراج بزرگ پاییزه خبر داد
hard	news	قیمت بنزین از فردا ۳ هزار تومان می شود
hard	news	تلگرام پرمیوم رسما برای کاربران ایرانی غیرقابل خرید شد
hard	news	صرافی های آنلاین رمز ارز فیلتر شدند
hard	news	بازار بزرگ تهران به دلیل اعتصاب بسته شد
hard	news	طبق گزارش مرکز آمار، تورم خوراکی ها به ۵۰ درصد رسید
hard	past	دیروز گوشی خریدم خیلی خوبه
hard	past	ماشینمو بالاخره فروختم راحت شدم
hard	past	پارسال موتورمو فروختم، الان قیمتش سه برابر شده، هنوز دلم میسوزه
hard	past	بالاخره خونه خریدیم بعد ده سال پس انداز
hard	past	از دیجی کالا هدست خریدم ۹۰۰ دادم، عالیه
hard	past	اکانتمو فروختم دو سال پیش، الان پشیمونم
hard	past	یه پراید قسطی خریدیم، ماهی کلی قسط میدیم
hard	past	دیشب سفارش پیتزا دادیم، دو ساعت طول کشید
hard	past	کفشمو ۲ تومن خریدم بعد یه هفته پاره شد
hard	past	عید کلی خرید کردیم، کارتم خالی شد
hard	past	تتر خریدم دقیقا اوج قیمت، بعدش ریخت، شانس منو ببین
hard	past	مامانم فرش قدیمی رو فروخت به سمسار، ناراحت شدم
hard	past	یوسی خریدم واسه پسرم، دو روزه تموم کرد
hard	past	بلیط کنسرتو گرفتم، ردیف ۱۰
hard	past	چرخ خیاطی مادربزرگم رو خریدن ازش، قدیمیا جنس بودن
hard	past	I finally sold my old bike last week
hard	past	got my new laptop yesterday, works great so far
hard	past	خونه رو رهن دادیم و اومدیم شهرستان، راحت تریم
hard	past	کارت گرافیکمو فروختم واسه اجاره خونه، گیم تعطیل
hard	past	دوچرخه بچم رو دیروز خریدم ازش کلی ذوق کرد
hard	hypo	اگه پول داشتم همین الان یه آیفون میخریدم
hard	hypo	اینقدر پولم نیست که حاضر باشم کلیمو بفروشم واسه آیفون ۱۷ :))
hard	hypo	یه روز میشینم کل وسایل اضافه خونه رو میفروشم، اگه تنبلیم بذاره
hard	hypo	شاید تابستون ماشینو بفروشم، هنوز معلوم نیست
hard	hypo	اگه گوشیم خراب شه مجبورم یه ارزونشو بخرم
hard	hypo	حاضرم اکانتمو بدم فقط یه شب راحت بخوابم 😂
hard	hypo	کاش میشد وقتو خرید
hard	hypo	اگه بخوام بفروشمش کسی نمیخره با این وضع بازار
hard	hypo	فکر کنم اگه قیمت بیاد پایین ps5 بخرم
hard	hypo	بعد عید شاید ماشین عوض کنم، ببینم چی میشه
hard	hypo	اگه من جای تو بودم اون گوشی رو نمیفروختم
hard	hypo	فرض کن یه روز بیدار شی ببینی ۱۰۰ تا بیت کوین داری، میفروشی یا نگه میداری؟
hard	hypo	دارم پول جمع میکنم یه دوچرخه بخرم واسه تابستون
hard	hypo	تصمیم ندارم چیزی بفروشم فعلا، بازار خرابه
hard	hypo	اگه یه روز موتورمو بفروشم فقط به یکی از بچه های خودمون میدم
hard	hypo	شاید یه روز مغازه بزنم، آرزومه
hard	hypo	کاش میتونستم اکانت قدیمیمو پس بگیرم
hard	hypo	نمیدونم بفروشمش یا نه، به نظرت چیکار کنم؟
hard	hypo	یه سوال فرضی: اگه کسی بگه گوشیتو میخرم دو برابر قیمت، میفروشی؟
hard	hypo	اگه بازار خوب بشه شاید بابام مغازه رو بفروشه
hard	refusal	ماشینمو نمیفروشم عمرا
hard	refusal	نه میخرم نه میفروشم، فقط اومدم راجع به گیم حرف بزنم
hard	refusal	سگم فروشی نیستا، اینو گفتم که دیگه پیوی ندین قیمت بپرسین
hard	refusal	اکانتم فروشی نیست، صد دفعه گفتم انقد پیام ندین
hard	refusal	فکر کردی میفروشمش؟ یادگاری بابامه
hard	refusal	مگه من طاق میزنم؟ عمرا
hard	refusal	من چیزی نمیفروشم، فقط عکسشو گذاشتم ببینین چه خوشگله
hard	refusal	نه بابا فروشی نیست، شوخی کردم
hard	refusal	عمرا اکانتمو بفروشم، ده ساله دارمش
hard	refusal	این گوشی فروشی نیست، تکرار نکنم دیگه
hard	refusal	من تتر و اینا نمیخرم، به این چیزا اعتقاد ندارم
hard	refusal	مگه ماشینتو میفروشی که قیمت میپرسی؟
hard	refusal	اصلا خریدار نیستم، فقط کنجکاو بودم قیمتش چنده
hard	refusal	نمیخوام چیزی بخرم، فقط دارم نگاه میکنم
hard	refusal	به هیچ قیمتی خونه پدریمو نمیفروشم
hard	meta	قفل خرید و فروش رو بردارید، پیامای عادی هم پاک میکنه
hard	meta	ادمین، ربات پیاممو پاک کرد، من که چیزی نمیفروختم
hard	meta	اینجا خرید و فروش ممنوعه، قوانین رو بخونید
hard	meta	قانون گروه: هرگونه تبلیغ و فروش بن دائم
hard	meta	چرا قفل خرید و فروش فعاله؟ ما که گروه بازی هستیم
hard	meta	ربات هر کی بگه «قیمت» رو پاک میکنه؟ عجب
hard	meta	پیام فروش تو گروه نذارید، برای این کار گروه جدا داریم
hard	meta	این قفل خرید و فروش چطور کار میکنه؟ با کلمه تشخیص میده یا معنا؟
hard	meta	تبلیغ فروش کننده ها رو گزارش کنید تا ادمین بن کنه
hard	meta	ادمین لطفا قفل فروش رو روشن کن، گروه پر از آگهی شده
hard	meta	من نمیدونستم اینجا فروش ممنوعه، ببخشید پاکش کردم
hard	meta	اگه کسی آگهی فروش دید به من پیام بده حذف کنم
hard	meta	تست قفل: این پیام نباید پاک بشه چون فروش نیست
hard	meta	ربات با کلمه «فروشی» حساسه، مواظب باشید چی مینویسید 😂
hard	meta	حساسیت قفل خرید و فروش رو بذارید ۴۰، الان زیادی پاک میکنه
hard	meta	پیام های فروش فقط تو کانال آگهی ها، نه اینجا
hard	meta	چند نفر امروز واسه آگهی فروش بن شدن؟
hard	meta	من ادمین نیستم ولی خواهشا اینجا چیزی نفروشید
hard	meta	این گروه واسه خرید و فروش نیست، واسه بحث فنیه
hard	meta	ربات گروه یه قفل داره که آگهی فروش رو خودش میشناسه، لازم نیست گزارش بدید
hard	advice	ماشینتو بفروش تا قیمت نیومده پایین
hard	advice	الان نخر، صبر کن بعد عید ارزون میشه
hard	advice	اگه میخوای گوشی بخری برو مرکز شهر، ارزون تره
hard	advice	بفروشش داداش، این گوشی دیگه ارزش نگه داشتن نداره
hard	advice	از هیچکی تتر نخرید مگه از صرافی معتبر
hard	advice	به نظرم اکانتو بفروش، دیگه بازی نمیکنی که
hard	advice	پولتو تو طلا بذار، خونه گرون شده
hard	advice	قبل خرید حتما گارانتی رو چک کن
hard	advice	هیچ وقت اول پول نده بعد جنس بگیر
hard	advice	بلیطو از سایت رسمی بگیر نه از دلال
hard	advice	اگه میخوای بفروشی تو دیوار آگهی بذار، اینجا جاش نیست
hard	advice	زیر قیمت نده، صبر کن خریدار خوب پیدا میشه
hard	tutorial	چطور تو دیوار آگهی فروش بذارم؟ گزینه ش رو پیدا نمیکنم
hard	tutorial	آموزش: برای فروش اکانت اول ایمیل رو عوض کنید بعد رمز
hard	tutorial	راهنمای خرید از سایت های خارجی با کارت ایرانی
hard	tutorial	برای کارت به کارت از اپ بانک وارد بخش انتقال وجه بشید
hard	tutorial	چطوری تو استیم بازی بخرم؟ درگاه ایرانی نداره
hard	tutorial	مرحله اول: قیمت بازار رو در بیار، دوم: عکس خوب بگیر، سوم: آگهی بزن
hard	tutorial	واسه فروش ماشین باید اول برگ سبز رو آماده کنی بعد بری دفترخونه
hard	tutorial	تو بازی واسه گرفتن سکه بیشتر باید مرحله روزانه رو بزنی
hard	tutorial	چطور بفهمم آگهی فروش کلاهبرداریه؟ نشونه هاش چیه؟
hard	tutorial	راهنما: قیمت گذاری محصول دست ساز چطوری انجام میشه
hard	third	داداشم داره ماشینشو میفروشه، دلم گرفته
hard	third	همسایمون سمساره، خونش پر از عتیقه ست
hard	third	باباش مغازشو فروشی گذاشته میگن
hard	third	داییم تو کار واردات لوازم یدکیه، همیشه سفره
hard	third	رفیقم اکانتشو فروخت ۵ تومن، الان دوباره میخواد بازی کنه
hard	third	عموم مغازه لوازم خانگی داره، همش سر کاره
hard	third	دوستم مشاور املاکه، میگه بازار خوابیده
hard	third	پسر همسایه یوسی میفروشه به بچه ها، باباش خبر نداره
hard	third	خواهرم آنلاین شاپ داره، شبا تا دیر وقت بسته بندی میکنه
hard	third	یه پیرمرد سر کوچه سبزی میفروشه، همیشه ازش میخرم
hard	third	شرکت ما داره یکی از دفتراشو میفروشه، شاید تعدیل کنن
hard	third	مامان بزرگم قدیما تو بازار پارچه میفروخته
sell	third	داداشم ماشینشو گذاشته فروش، ۲۰۶ مدل ۹۵، ۲۸۰ تومن، بگید وصلتون کنم
sell	third	رفیقم اکانت کلش لول ۲۰۰ داره میفروشه، ۳ تومن، از طرف من پیام بدید بهش
sell	third	خواهرم کیک خونگی درست میکنه، سفارش میگیره، کیلویی ۳۰۰
sell	third	بابام مغازه شو واگذار میکنه با تمام وسایل، بازار مولوی، جدی ها پیام بدن
sell	third	همکارم لپ تاپشو میفروشه ۱۵ تومن، سالمه، خواستید آیدیشو بدم
sell	third	پسر عموم یوسی میزنه ارزون، آیدیش @uc_cousin بگید از طرف من
hard	charity	برای سیل زده ها کمک جمع میکنیم، شماره کارت 6037-9918-1234-5670 به نام خیریه مهر
hard	charity	هرکی میتونه واسه عمل بچه همسایه کمک کنه، کارت: ۶۱۰۴۳۳۷۸۱۲۳۴۵۶۷۴
hard	charity	شماره شبا خیریه: IR120170000000123456789012 دستتون درد نکنه
hard	charity	پول تولد رفیقمون رو جمع میکنیم، نفری ۵۰ بریزید به 5859831012345673
hard	charity	هزینه سفر اردو نفری ۲۰۰ تومن، به کارت مسئول اردو واریز کنید 6219861912345674
hard	charity	قبض گروه رو من دادم، هرکی سهمشو میده کارتم اینه 6037997712345678
hard	charity	کمک به زلزله زدگان، هر مقدار، کارت هلال احمر 6037991899999993
hard	charity	شارژ ساختمون این ماه ۳۰۰، به کارت مدیر ساختمون بریزید لطفا
hard	charity	نذری امسال، هرکی خواست شریک شه پیام بده، پولش نفری ۱۰۰
hard	charity	صدقه رو انداختم تو صندوق، حالم بهتر شد
hard	phone	شماره های پشتیبانی: 09121234567 09351234567 هر دو جواب میدن
hard	phone	کد رهگیری پستم 1234567890123456 هنوز تحویل نداده
hard	phone	کد ملی و شماره: 0012345678 09123456789
hard	phone	شماره حسابم تغییر کرده ولی کارتم همونه، نگران نباشید
hard	phone	بارکد بسته: 12345678901234567890 پیگیری کنید
hard	phone	شماره سریال دستگاه 6037991812345678 رو واسه گارانتی لازم دارم
hard	phone	کارتمو گم کردم 6037 9918 1234 5670 اگه کسی پیدا کرد خبر بده
hard	phone	شماره کارتتو بفرست پول شامو برگردونم
hard	job	شرکت ما برنامه نویس بک اند میخواد، حقوق توافقی، رزومه بفرستید به HR
hard	job	دنبال کار میگردم، حسابداری بلدم، جایی سراغ دارید؟
hard	job	استخدام منشی خانم، ساعت کاری ۸ تا ۴، حقوق اداره کار
hard	job	رزومه مو فرستادم واسه ۲۰ تا شرکت، هیچکدوم جواب ندادن
hard	job	مصاحبه کاری فردا دارم، دعا کنید
hard	job	کارگر ساده واسه انبار نیازمندیم، بیمه داره
hard	job	از کارم استعفا دادم، دیگه نمیکشیدم
hard	job	کسی کار پاره وقت واسه دانشجو سراغ داره؟
hard	job	حقوقمو سه ماهه ندادن، چیکار کنم؟
hard	job	تو شرکت جدید حقوقم دو برابر شد
hard	job	نیروی فروش نیازمندیم با پورسانت عالی، تماس با دفتر
hard	job	کارآموز طراحی سایت میپذیریم، بدون حقوق، با گواهی
sell	job	رزومه و انگیزه نامه واسه اپلای مینویسم، پنج ساله تو این کارم، قیمت توافقی
sell	job	سایت وردپرسی برات بالا میارم با سه ماه پشتیبانی رایگان، پیام بده
sell	job	تایپ و ترجمه انجام میدم، صفحه ای ۲۰ تومن، تحویل سریع
sell	job	پروژه دانشجویی برنامه نویسی قبول میکنم، پایتون و جاوا، هزینه توافقی
sell	job	با وانت خودم اسباب کشی سبک انجام میدم تهران و کرج، کارگرم دارم اگه لازم شد
hard	lost	کیف پول تو پارک پیدا شده، صاحبش پیام بده
hard	lost	سوییچ ماشین گم کردم تو مترو، کسی دید خبر بده
hard	lost	کارت بانکیم گم شده، اگه پیدا کردید لطفا پیام بدید
hard	lost	گوشیم رو تو تاکسی جا گذاشتم، مژدگانی میدم
hard	lost	مدارک گمشده پیدا شده به شرط شیرینی تحویل داده میشود
hard	lost	یه گربه پیدا کردم جلو در، مال کسی نیست؟
hard	lost	عینکمو تو کلاس جا گذاشتم، کسی برداشته؟
hard	lost	کیف با کلی مدرک تو اتوبوس مونده، تحویل راننده دادم
hard	football	پرسپولیس داره دنبال خرید مهاجم میگرده
hard	football	استقلال باید این بازیکنو همین الان بفروشه
hard	football	بارسا امباپه رو نخرید، رئال خرید
hard	football	قیمت این بازیکن ۱۰۰ میلیون یورو شده، دیوونه شدن
hard	football	نقل و انتقالات تابستونی باز شد، کیو میخرن به نظرتون؟
hard	football	باشگاه مدافعشو فروخت و پولشو خرج مهاجم کرد
hard	football	اگه من مدیر باشگاه بودم نصف تیمو میفروختم
hard	football	تیم ملی مهاجم خوب نداره، باید از لیگ بخرن 😂
hard	football	خرید ۵۰ میلیونی چلسی نیمکت نشین شد
hard	football	تراکتور دنبال فروش دروازه بانشه، خبرش اومده
hard	complaint	سفارش غذامون دو ساعته نیومده، دیگه از این اپ سفارش نمیدم
hard	complaint	ارسال رایگان نوشته بود ولی موقع پرداخت هزینه اضافه کرد
hard	complaint	درگاه بانک باز خطا میده، نمیتونم قبض بدم
hard	complaint	پولمو از کارتم کشیدن، به بانک زنگ زدم
hard	complaint	دستگاه کارتخوانش خراب بود، نقد دادم
hard	complaint	موقع پرداخت قسط ارور داد، دو بار کم شد
hard	complaint	سفارشم اشتباه اومد، سایز ۴۲ خواستم ۴۰ فرستادن
hard	complaint	پست سه هفته بسته مو نیاورده، کد رهگیری هم جواب نمیده
hard	complaint	شارژم تموم شد وسط بازی، اپراتور دزده
hard	complaint	لایسنس ویندوزم پرید بعد آپدیت
hard	complaint	تخفیف زده بود ۵۰ درصد، رفتم دیدم اول گرون کرده بعد تخفیف
hard	complaint	گیم تایمم تموم شد فعلا آف
hard	confusing	گوشی سامسونگ A52، ۱۲۸ گیگ، مشکی — اینو خریدم بالاخره، نظرتون چیه؟
hard	confusing	قیمت: ۲۰ میلیون. شرایط: نو. نتیجه: پولش رو ندارم 😂
hard	confusing	فروشی نیست، اجاره ای نیست، فقط عکس خونه رویاهامه
hard	confusing	خریدارم ولی پول ندارم، فروشنده ام ولی جنس ندارم، اینه زندگی
hard	confusing	یخچال، ماشین لباسشویی، تلویزیون — لیست جهیزیه خواهرمه که باید بخریم
hard	confusing	پیام بدید تماس بگیرید دایرکت بدید — چقدر این جمله ها تو گروه تکرار میشه
hard	confusing	نمونه یه آگهی خوب: عکس واضح، قیمت مشخص، بدون اغراق
hard	confusing	کلمات ممنوعه: فروشی، میفروشم، خریدارم، قیمت — اینا رو ننویسید ربات پاک میکنه
hard	confusing	۶۰۳۷ ۹۹۱۸ — چهار رقم اول کارت بانک ملیه، دو رقم بعدیش شعبه ست
hard	confusing	تحویل آنی، ارسال رایگان، تضمین کیفیت: هر آگهی که این سه تا رو داره دروغه
hard	confusing	به قیمت ۳۰۰ تومن یه کتاب خریدم که تو کتابخونه رایگان بود 😂
hard	confusing	اکانت پرمیوم، نیترو، یوسی — همه اینا رو رایگان با کد هدیه دوستم گرفتم
hard	confusing	پی وی من بازه ولی نه واسه قیمت پرسیدن، واسه دوستی 😂
hard	confusing	اجاره سوئیت مشهد چند در میاد الان؟ میخوایم بریم زیارت
hard	confusing	هرکی خواست بیاد پیوی جزوه ها رو بدم، رایگانه
hard	confusing	نرخ لحظه ای تتر رو از کجا میبینید؟ سایت معتبر میخوام
hard	confusing	کارت به کارت کردم واسه دوستم ولی نرسیده، بانک میگه ۷۲ ساعت
hard	confusing	امروز تو بازار یه پیرمرد داد میزد ماشین فروشی ماشین فروشی، دلم سوخت
hard	confusing	خونه ما فروشی نیست، اشتباه زنگ زدن بنگاه
hard	confusing	این عکس آگهی ماشین خودمه که سه سال پیش فروختمش، خاطره شد
sell	confusing	سلام بچه ها خوبید؟ راستی گوشیم اضافیه اگه کسی خواست ۱۰ تومن، بیاد پیوی
sell	confusing	دیشب بازی رو دیدید؟ چه گلی زد. راستی بلیط بازی بعدی رو دو تا اضافه دارم، ۵۰۰ هر کدوم
sell	confusing	ممنون از راهنماییتون، حل شد. کسی لپ تاپ نمیخواد؟ ۱۵ تومن میدم
sell	confusing	من اهل تبلیغ نیستم ولی خب مانتوهای خودم رو میدوزم، عکسا تو پیوی، قیمتم مناسبه
sell	confusing	یه سوال، کسی یوسی نمیخواد؟ نه که بفروشم، ولی خب ارزون تر از بازار میدم 😂
sell	confusing	نمیدونم اینجا مجازه یا نه، ولی ماشینم فروشیه، ۲۰۶ مدل ۹۰، ادمین ببخشید
sell	confusing	عکس سفرو گذاشتم ببینید. ضمنا اون دوربینی که باهاش گرفتم فروشیه، ۸ تومن
sell	confusing	تولدت مبارک داداش! راستی کادوت رو از من بخر، ساعت اپل پلمپ ۱۵ تومن 😂 جدی میگم
sell	confusing	قیمت نپرسید فقط پیام بدید، همه چی موجوده، تحویل امروز
sell	confusing	بچه ها من میرم خارج، همه وسایلم فروشیه، لیستشو تو پیوی میدم، قیمتا مفته
sell	confusing	کسی خریدار پراید هست؟ مال خودمه، ۱۹۰ تومن، مقطوع
sell	confusing	نه گرونه نه ارزون، منصفانه ست: آیفون ۱۲، ۲۰ تومن، پیام بدید
sell	confusing	اینم رضایت مشتری امروزمون ❤️ شمام میخواید موهاتون این رنگی شه دایرکت منتظرم
sell	confusing	تتوی ابروی امروز، خود مشتری گفت باورش نمیشه انقد طبیعی شده 😍 نوبت میخواید پیام بدید
sell	confusing	شارژ و بسته اینترنت همه اپراتورها با تخفیف میزنم بیاید
sell	service	خیاطی قبول میکنم خانوما، شومیز و مانتو، پرو حضوری داریم
sell	service	ماساژ درمانی با مدرک فنی حرفه ای، فقط بانوان، از همینجا وقت بگیرید
sell	service	غذای خونگی هفتگی میپزم مخصوص مجردا و شاغلا، منو رو بخواید میفرستم
sell	service	تعمیرات موبایل انجام میدیم قیمت توافقی کارمونم تضمینیه بیاین پیوی
sell	service	تدریس شطرنج به کودکان، آنلاین، هفته ای ۲ جلسه، هماهنگی تو پیوی
sell	service	لمینت و ژلیش با مواد اروپایی، تایم خالی این هفته فقط پنجشنبه
sell	service	مانیکور و لاشویه با وقت قبلی، تعرفه منصفانه
sell	service	تدوین ویدیو و کلیپ اینستاگرام، دقیقه ای ۵۰ تومن
sell	service	مشاوره کنکور تجربی، رتبه ۲۰۰، جلسه ای ۴۰۰
sell	service	نظافت منزل و راه پله، خانم مطمئن، ساعتی ۸۰ تومن
sell	service	عکاسی مراسم تولد و نامزدی با قیمت دانشجویی، نمونه کار تو پیج
sell	service	نصب ویندوز و نرم افزار درب منزل، ۱۵۰ تومن
sell	service	ترجمه رسمی مدارک با تایید دادگستری، سریع
sell	service	کلاس زبان آنلاین با معلم نیتیو، ترمی ۲ تومن
sell	service	شبی ۲۰۰ پلی استیشن میارم در خونتون تحویل میدم، فقط غرب تهران
sell	rental	سوئیت مبله اجاره داده میشود، روزانه و هفتگی، مشهد
sell	rental	رهن و اجاره آپارتمان ۶۰ متری، ۲۰۰ رهن ۵ اجاره، پیام بدید
sell	rental	ps4 پرو با ۲ دسته و ده تا بازی هفته ای ۵۰۰ اجاره میدم، اهواز
sell	rental	مغازه ۳۰ متری بر خیابون اجاره داده میشه، تماس بگیرید
sell	rental	ویلا شمال اجاره روزانه با استخر، شبی ۳ تومن
sell	rental	دوربین کانن اجاره میدم روزانه، ۲۰۰ تومن با ودیعه
sell	rental	اجاره لباس عروس و نامزدی، قیمت مناسب، دایرکت
sell	rental	اتاق خالی تو خونه دانشجویی داریم، ماهی ۲ تومن، فقط دختر
sell	rental	کرایه ون ۱۰ نفره برای سفر با راننده، قیمت توافقی
sell	rental	اجاره اسکوتر برقی ساعتی ۵۰ تومن، پارک ملت
hard	rental	اجاره خونه تو تهران دیوونه کننده شده
hard	rental	صاحبخونه اجاره رو دو برابر کرد، باید بریم
hard	rental	کسی خونه اجاره ای خوب سراغ داره تو کرج؟ خودم دنبالم
hard	rental	قرارداد اجاره مون تموم شد، هنوز تمدید نکردیم
hard	rental	کرایه تاکسی هم باز رفت بالا
sell	exchange	سکه سلف طاق میزنم با میو پوینت
sell	exchange	معاوضه میکنم گوشیمو با تبلت
sell	exchange	اکانت کلش لول ۱۵۰ میدم با اکانت پابجی خوب، تبادل
sell	exchange	tabadol mizanam: genshin AR57 midam ba ye akk valorant khoob, faghat moaveze na pul
sell	exchange	ماشینمو با یه مدل بالاتر بعلاوه پول عوض میکنم
sell	exchange	جم میدم سکه میگیرم، نرخ یک به دو
sell	exchange	کتابای رشته تجربی رو با ریاضی معاوضه میکنم
sell	exchange	پلی استیشن ۴ با ایکس باکس تعویض میکنم، فرقشو میدم
sell	exchange	حواله دلار به ترکیه میزنم، نرخ توافقی
sell	exchange	اسکین رر cs میدم با اسکین ولورانت طاق میزنم
hard	exchange	با کی طاق زدی این گوشی داغونو گرفتی؟
hard	exchange	عکس طاق بستان رو دیدید چقدر قشنگه؟
hard	exchange	تبادل نظر کنیم درباره فیلم دیشب
hard	exchange	تبادل ممبر بین گروه ها ممنوعه، اسپمه
hard	exchange	طاقت ندارم دیگه این وضعو
sell	long	سلام به همه بچه های گروه، امیدوارم حالتون خوب باشه و امتحانا خوب پیش رفته باشه. من چند وقته درگیر جابجایی هستم و خیلی وقت نکردم بیام گروه. خلاصه اینکه دارم از تهران میرم و چند تا وسیله دارم که نمیتونم ببرم: یخچال، ماشین لباسشویی، یه تلویزیون ۴۳ اینچ و یه دست مبل. همه سالمن و قیمتشون هم خیلی مناسبه، هرکی خواست پیام بده لیست و عکس بفرستم
sell	long	بچه ها یه توضیح کوچیک: من مدتیه دارم روی یه پروژه شخصی کار میکنم و کلی وقت گذاشتم روش. نتیجه ش شد یه پکیج آموزش پایتون از صفر که هم ویدیو داره هم تمرین. قیمتش رو گذاشتم ۲۰۰ تومن که برا بچه های گروه ۱۵۰ حساب میکنم. خواستید تو پیوی هماهنگ کنیم
sell	long	راستش نمیخواستم اینجا بنویسم ولی چاره ای ندارم. بابام تصادف کرده و هزینه بیمارستان سنگینه. ماشینم رو میخوام بفروشم، ۲۰۶ مدل ۹۴، سالم، بی رنگ، ۲۵۰ تومن. هرکی خریدار جدی هست پیام بده، تخفیف هم میدم
sell	long	امروز میخوام یه تجربه بگم. سه ساله دارم کیک درست میکنم و اولش فقط واسه خانواده بود ولی الان سفارش میگیرم. کیک تولد، کیک نامزدی، هر طرحی بخواید. قیمت از ۳۵۰ تومن شروع میشه. عکس کارامو تو پیوی میفرستم
sell	long	سلام. من پارسال از یه دوست تتر خریدم و کلی راضی بودم. الان خودم صرافی کوچیک راه انداختم و نرخم از همه بهتره. تتر میخرم و میفروشم، معامله حضوری و آنلاین، پیام بدید نرخ لحظه ای بدم
hard	long	سلام به همه بچه های گروه، امیدوارم حالتون خوب باشه. من چند وقته درگیر جابجایی بودم و کلی وسیله جابجا کردم: یخچال، ماشین لباسشویی، تلویزیون و مبل. خلاصه اینکه کمرم داغون شد ولی بالاخره تموم شد. الان اومدم بگم برگشتم و دلم برا گروه تنگ شده بود
hard	long	بچه ها یه توضیح کوچیک: من مدتیه دارم روی یه پروژه شخصی کار میکنم، یه پکیج آموزش پایتون از صفر. خواستم بپرسم به نظرتون اگه یه روز بخوام بفروشمش قیمت مناسبش چقدره؟ فعلا رایگان گذاشتمش تو گیتهاب و اصلا قصد فروش ندارم، فقط کنجکاوم
hard	long	راستش نمیخواستم اینجا بنویسم ولی باید بگم. یکی تو پیوی بهم پیام داده و نوشته ماشین ۲۰۶ مدل ۹۴ سالم بی رنگ ۱۵۰ تومن، فقط بیعانه بریز. رفتم چک کردم دیدم عکساش مال دیواره و آیدیش دو روزه ساخته شده. هرکی این پیامو گرفت گزارش کنه، کلاهبرداره
hard	long	امروز میخوام یه تجربه بگم. سه سال پیش یه کیک تولد از یه پیج اینستا سفارش دادم، قیمتش ۳۵۰ تومن بود و روز تولد اصلا نیاوردن. از اون روز دیگه از هیچ پیجی سفارش ندادم و خودم یاد گرفتم درست کنم. الان واسه خانواده میپزم و همه راضین
hard	long	سلام. من پارسال از یه دوست تتر خریدم و همون هفته قیمتش ریخت و نصف پولم پرید. از اون موقع فهمیدم این کارا مال من نیست. الان هر کی بهم میگه تتر بخر میخندم. خلاصه هرکی میخواد وارد این بازار شه اول با پول کم تست کنه
hard	long	یه خاطره بگم از بازار. رفته بودم گوشی بخرم، فروشنده هه هی میگفت این مدل بهتره اون مدل بهتره و قیمتا رو با هم قاطی میکرد. آخرش هیچی نخریدم و اومدم خونه. واقعا خرید کردن تو این وضعیت استرسه، آدم نمیدونه کی راست میگه
hard	long	بچه ها یه سوال کلی دارم. چند وقته دارم فکر میکنم که آیا ارزش داره آدم ماشین بخره یا با اسنپ بره؟ حساب کردم ماشین ماهی ۵ تومن هزینه داره با بیمه و بنزین و تعمیر، اسنپ برا من ماهی ۳ تومن میشه. نظرتون چیه؟ کسی تجربه داره؟
hard	long	ادمین عزیز، امروز ربات پیام منو پاک کرد در حالی که فقط داشتم درباره قیمت گوشی جدید سامسونگ حرف میزدم و میگفتم گرونه. من اصلا چیزی نمیفروشم و نمیخرم. لطفا حساسیت قفل خرید و فروش رو یه کم کم کنید یا حداقل چک کنید چرا پاک شده. ممنون
safe	plain	سلام بچه ها، خوبید؟
safe	plain	فردا ساعت چند کلاس داریم؟
safe	plain	دیشب بازی رو دیدید؟ چه گلی زد
safe	plain	ممنون از راهنماییت
safe	plain	تولدت مبارک داداش گلم 🎂
safe	plain	هوا امروز محشره بریم بیرون
safe	plain	این سریاله رو از دست ندید
safe	plain	کسی جزوه جلسه سوم رو داره؟
safe	plain	شب بخیر تا فردا
safe	plain	عکس سفرو گذاشتم ببینید
safe	plain	کی میاد فوتبال جمعه؟
safe	plain	چقدر این استیکر خنده داره 😂
safe	plain	امتحان فردا چی میاد به نظرتون؟
safe	plain	بچه ها ماشینم تو برف گیر کرده، کسی نزدیکه کمک کنه؟
safe	plain	anyone up for a game tonight?
safe	plain	آیدیمو عوض کردم، سیو کنید جدیدو
safe	plain	سیم کارتم سوخت، رفتم عوضش کردم
safe	plain	یه اکانت بده تست کنم فقط
safe	plain	جاسم سکه بده بازی کنیم
safe	plain	torokhoda yeki ye pet bede too adopt me, pul nemidam ha, faghat az roo lotf
